{"cameraMode":{"drawMode":0,"name":"Shaded","section":"Shading Mode"},"sceneLighting":true,"audioPlay":false,"sceneViewState":{"showFog":true,"showMaterialUpdate":false,"showSkybox":true,"showFlares":true,"showImageEffects":true,"showParticleSystems":true},"in2DMode":false,"pivot":{"x":19.26439666748047,"y":12.549873352050782,"z":15.140735626220704},"rotation":{"x":0.060834355652332309,"y":0.8926672339439392,"z":-0.12703190743923188,"w":0.428264856338501},"size":10.0,"orthographic":false}