{"cameraMode":{"drawMode":0,"name":"Shaded","section":"Shading Mode"},"sceneLighting":true,"audioPlay":false,"sceneViewState":{"showFog":true,"showMaterialUpdate":false,"showSkybox":true,"showFlares":true,"showImageEffects":true,"showParticleSystems":true},"in2DMode":false,"pivot":{"x":10.406393051147461,"y":62.31386184692383,"z":229.5325469970703},"rotation":{"x":-0.12590301036834718,"y":-0.03362376242876053,"z":0.00428884057328105,"w":-0.9914745688438416},"size":10.0,"orthographic":false}