{"cameraMode":{"drawMode":0,"name":"Shaded","section":"Shading Mode"},"sceneLighting":true,"audioPlay":false,"sceneViewState":{"showFog":true,"showMaterialUpdate":false,"showSkybox":true,"showFlares":true,"showImageEffects":true,"showParticleSystems":true},"in2DMode":false,"pivot":{"x":-253.32444763183595,"y":38.629886627197269,"z":382.0760803222656},"rotation":{"x":0.031509220600128177,"y":0.9330419898033142,"z":-0.3483402729034424,"w":0.08449872583150864},"size":10.0,"orthographic":false}